{
	"version": "0.3.4", 
	"suite": "unknown_suite", 
	"function_id": 26, 
	"function_name": "objective_function_ca_1", 
	"maximization": true, 
	"algorithm": {"name": "Levenshtein_3_multiple", "info": "algorithm_info"},
	"attributes": ["evaluations", "raw_y"],
	"scenarios": [
		{"dimension": 60,
		"path": "data_f26_objective_function_ca_1/IOHprofiler_f26_DIM60.dat",
		"runs": [
			{"instance": 1, "evals": 10021, "best": {"evals": 9104, "y": 0.9166666666666666, "x": [2, 2, 2, 1, 1, 2, 0, 0, 0, 1, 2, 2, 1, 1, 1, 1, 1, 0, 1, 1, 1, 0, 2, 0, 2, 1, 1, 1, 0, 2, 0, 1, 0, 1, 1, 0, 0, 1, 1, 1, 1, 0, 0, 0, 2, 2, 0, 2, 0, 0, 1, 1, 0, 1, 1, 0, 1, 0, 1, 1]}},
			{"instance": 1, "evals": 10021, "best": {"evals": 6825, "y": 0.9333333333333333, "x": [2, 1, 0, 2, 2, 2, 2, 0, 0, 1, 2, 2, 2, 1, 2, 0, 1, 1, 0, 1, 0, 0, 2, 0, 1, 2, 0, 1, 1, 2, 0, 1, 2, 0, 0, 1, 1, 0, 1, 2, 0, 0, 0, 2, 1, 0, 0, 2, 0, 1, 1, 0, 1, 1, 0, 0, 1, 0, 1, 1]}},
			{"instance": 1, "evals": 10021, "best": {"evals": 9116, "y": 0.8833333333333333, "x": [1, 2, 2, 2, 0, 0, 0, 0, 0, 1, 0, 1, 0, 1, 0, 1, 2, 1, 1, 1, 0, 1, 1, 1, 0, 2, 0, 2, 2, 0, 2, 1, 1, 0, 2, 2, 2, 1, 0, 2, 0, 1, 0, 1, 0, 1, 1, 0, 2, 0, 0, 1, 0, 2, 1, 1, 2, 1, 2, 0]}},
			{"instance": 1, "evals": 10021, "best": {"evals": 1492, "y": 0.9, "x": [2, 2, 0, 1, 2, 0, 1, 2, 2, 0, 1, 1, 1, 2, 0, 1, 0, 0, 1, 1, 1, 1, 1, 1, 1, 1, 0, 1, 0, 0, 1, 1, 0, 1, 0, 0, 0, 0, 1, 0, 1, 1, 1, 0, 0, 0, 2, 0, 0, 0, 0, 1, 0, 1, 0, 0, 0, 1, 1, 1]}},
			{"instance": 1, "evals": 10021, "best": {"evals": 4901, "y": 0.9166666666666666, "x": [2, 2, 0, 2, 2, 0, 0, 0, 2, 1, 0, 0, 2, 1, 2, 0, 0, 1, 1, 0, 1, 0, 2, 0, 1, 0, 1, 1, 0, 1, 0, 1, 1, 1, 1, 1, 1, 1, 1, 0, 1, 1, 0, 0, 0, 2, 0, 1, 1, 2, 1, 0, 1, 2, 1, 1, 0, 0, 0, 0]}}
		]}
	]
}
