{
	"version": "0.3.4", 
	"suite": "unknown_suite", 
	"function_id": 26, 
	"function_name": "objective_function_ca_1", 
	"maximization": true, 
	"algorithm": {"name": "Levenshtein_2", "info": "algorithm_info"},
	"attributes": ["evaluations", "raw_y"],
	"scenarios": [
		{"dimension": 60,
		"path": "data_f26_objective_function_ca_1/IOHprofiler_f26_DIM60.dat",
		"runs": [
			{"instance": 1, "evals": 10021, "best": {"evals": 7214, "y": 0.95, "x": [2, 2, 2, 0, 1, 2, 2, 0, 1, 2, 2, 0, 2, 1, 2, 2, 2, 1, 2, 2, 2, 2, 1, 2, 0, 2, 1, 2, 0, 0, 1, 0, 0, 2, 2, 0, 1, 0, 2, 2, 2, 1, 1, 1, 0, 1, 2, 0, 1, 1, 1, 1, 0, 1, 1, 0, 1, 0, 1, 1]}},
			{"instance": 1, "evals": 10021, "best": {"evals": 6340, "y": 0.8666666666666667, "x": [1, 0, 2, 0, 0, 0, 0, 1, 1, 0, 0, 0, 0, 0, 0, 1, 1, 0, 1, 0, 2, 0, 2, 2, 2, 1, 1, 2, 1, 0, 0, 2, 0, 0, 0, 1, 1, 0, 1, 0, 0, 0, 0, 1, 0, 0, 1, 1, 2, 1, 1, 0, 0, 1, 2, 0, 2, 0, 0, 0]}},
			{"instance": 1, "evals": 10021, "best": {"evals": 1385, "y": 0.9, "x": [2, 2, 0, 0, 1, 1, 2, 0, 0, 1, 0, 1, 1, 2, 0, 2, 1, 1, 0, 1, 0, 0, 0, 1, 0, 0, 1, 0, 0, 2, 0, 2, 0, 0, 1, 1, 1, 1, 1, 1, 1, 1, 0, 0, 0, 1, 0, 0, 0, 1, 1, 1, 0, 2, 1, 0, 0, 1, 0, 0]}},
			{"instance": 1, "evals": 10021, "best": {"evals": 5979, "y": 0.95, "x": [2, 2, 0, 1, 2, 1, 2, 2, 1, 1, 2, 2, 2, 1, 0, 2, 1, 2, 0, 2, 2, 1, 1, 2, 2, 2, 0, 0, 0, 0, 1, 2, 2, 2, 2, 1, 2, 0, 1, 0, 0, 1, 0, 0, 0, 1, 0, 1, 1, 1, 1, 2, 0, 1, 0, 1, 1, 2, 1, 2]}},
			{"instance": 1, "evals": 10021, "best": {"evals": 7936, "y": 0.95, "x": [2, 1, 2, 0, 0, 2, 1, 1, 1, 2, 2, 2, 0, 1, 0, 2, 1, 1, 1, 1, 2, 1, 1, 2, 2, 2, 2, 0, 0, 0, 1, 0, 0, 0, 1, 0, 0, 1, 1, 1, 1, 1, 0, 1, 1, 2, 1, 0, 1, 1, 0, 2, 2, 0, 0, 1, 1, 0, 0, 0]}}
		]}
	]
}
