{
	"version": "0.3.4", 
	"suite": "unknown_suite", 
	"function_id": 26, 
	"function_name": "objective_function_ca_1", 
	"maximization": true, 
	"algorithm": {"name": "Hamming_3_random", "info": "algorithm_info"},
	"attributes": ["evaluations", "raw_y"],
	"scenarios": [
		{"dimension": 60,
		"path": "data_f26_objective_function_ca_1/IOHprofiler_f26_DIM60.dat",
		"runs": [
			{"instance": 1, "evals": 10000, "best": {"evals": 367, "y": 0.65, "x": [0, 0, 1, 0, 0, 1, 2, 2, 0, 0, 2, 1, 1, 1, 1, 1, 0, 2, 0, 0, 2, 1, 2, 1, 2, 1, 2, 2, 0, 0, 0, 0, 0, 2, 1, 2, 0, 1, 1, 1, 1, 1, 1, 0, 1, 1, 1, 0, 1, 2, 1, 0, 1, 0, 0, 0, 0, 0, 0, 0]}},
			{"instance": 1, "evals": 10000, "best": {"evals": 8576, "y": 0.7, "x": [1, 0, 1, 2, 1, 0, 1, 1, 0, 0, 0, 2, 0, 2, 0, 2, 0, 2, 2, 0, 1, 2, 0, 0, 0, 0, 0, 2, 0, 0, 2, 1, 0, 1, 1, 0, 2, 1, 1, 0, 1, 2, 2, 2, 0, 0, 2, 2, 0, 0, 2, 2, 2, 0, 2, 0, 0, 1, 2, 1]}},
			{"instance": 1, "evals": 10000, "best": {"evals": 7188, "y": 0.6833333333333333, "x": [0, 0, 2, 1, 2, 1, 1, 2, 2, 2, 2, 1, 2, 1, 2, 1, 0, 0, 1, 1, 1, 0, 0, 0, 2, 0, 2, 1, 2, 2, 0, 2, 1, 2, 2, 2, 1, 2, 2, 0, 1, 2, 0, 2, 0, 0, 1, 1, 0, 2, 2, 0, 1, 2, 1, 1, 0, 2, 0, 1]}},
			{"instance": 1, "evals": 10000, "best": {"evals": 5835, "y": 0.7166666666666667, "x": [0, 1, 0, 1, 0, 2, 1, 2, 2, 2, 0, 1, 1, 2, 1, 2, 1, 0, 2, 2, 0, 1, 1, 0, 0, 1, 0, 1, 0, 1, 1, 1, 1, 1, 2, 1, 1, 0, 2, 0, 1, 0, 1, 2, 1, 1, 2, 0, 0, 2, 0, 0, 2, 1, 0, 1, 1, 1, 0, 2]}},
			{"instance": 1, "evals": 10000, "best": {"evals": 1682, "y": 0.65, "x": [0, 0, 0, 1, 0, 1, 1, 1, 0, 1, 1, 0, 0, 1, 0, 0, 0, 2, 1, 1, 2, 2, 1, 1, 2, 1, 1, 0, 1, 0, 2, 2, 2, 2, 2, 2, 0, 0, 1, 0, 1, 0, 1, 2, 0, 0, 1, 2, 2, 2, 1, 2, 2, 2, 0, 1, 0, 2, 0, 0]}}
		]}
	]
}
