{
	"version": "0.3.4", 
	"suite": "unknown_suite", 
	"function_id": 26, 
	"function_name": "objective_function_ca_1", 
	"maximization": true, 
	"algorithm": {"name": "Levenshtein_3_multiple", "info": "algorithm_info"},
	"attributes": ["evaluations", "raw_y"],
	"scenarios": [
		{"dimension": 60,
		"path": "data_f26_objective_function_ca_1/IOHprofiler_f26_DIM60.dat",
		"runs": [
			{"instance": 1, "evals": 10021, "best": {"evals": 7169, "y": 0.9666666666666667, "x": [2, 1, 2, 1, 2, 2, 0, 2, 1, 0, 1, 2, 0, 2, 2, 1, 1, 1, 0, 1, 1, 2, 0, 2, 0, 0, 0, 0, 0, 1, 2, 1, 0, 0, 2, 1, 1, 0, 0, 0, 2, 1, 0, 0, 1, 0, 2, 0, 0, 2, 0, 2, 1, 0, 1, 2, 1, 1, 0, 1]}},
			{"instance": 1, "evals": 10021, "best": {"evals": 6042, "y": 0.9833333333333333, "x": [2, 2, 1, 2, 0, 0, 2, 2, 1, 0, 0, 0, 0, 0, 0, 0, 0, 0, 1, 1, 0, 2, 2, 1, 2, 1, 2, 0, 0, 1, 2, 1, 0, 1, 2, 1, 1, 0, 1, 0, 2, 1, 1, 0, 0, 0, 2, 0, 0, 2, 2, 1, 0, 0, 2, 1, 0, 1, 1, 1]}},
			{"instance": 1, "evals": 10021, "best": {"evals": 8980, "y": 0.9666666666666667, "x": [2, 2, 0, 2, 1, 2, 2, 2, 1, 1, 0, 2, 2, 2, 2, 0, 1, 1, 0, 1, 2, 0, 2, 0, 0, 2, 1, 0, 0, 0, 0, 0, 1, 2, 1, 1, 0, 0, 0, 2, 1, 0, 0, 1, 0, 0, 2, 0, 0, 0, 2, 1, 1, 0, 2, 1, 0, 1, 1, 1]}},
			{"instance": 1, "evals": 10021, "best": {"evals": 6186, "y": 0.9666666666666667, "x": [1, 1, 1, 2, 2, 0, 2, 2, 0, 1, 0, 1, 2, 2, 0, 1, 2, 0, 1, 1, 0, 0, 0, 0, 2, 0, 2, 2, 0, 1, 1, 1, 1, 1, 0, 2, 1, 1, 0, 0, 0, 0, 0, 0, 1, 1, 2, 0, 2, 2, 0, 1, 0, 1, 2, 1, 0, 1, 1, 1]}},
			{"instance": 1, "evals": 7821, "best": {"evals": 7812, "y": 1, "x": [2, 2, 0, 0, 0, 0, 0, 2, 1, 0, 0, 0, 2, 1, 1, 1, 1, 1, 0, 1, 1, 2, 0, 2, 0, 2, 2, 1, 0, 0, 0, 0, 0, 1, 2, 0, 1, 1, 0, 2, 2, 1, 0, 0, 1, 0, 2, 0, 2, 2, 2, 0, 1, 1, 2, 1, 1, 0, 1, 0]}}
		]}
	]
}
