{
	"version": "0.3.4", 
	"suite": "unknown_suite", 
	"function_id": 26, 
	"function_name": "objective_function_ca_1", 
	"maximization": true, 
	"algorithm": {"name": "Hamming_3_random", "info": "algorithm_info"},
	"attributes": ["evaluations", "raw_y"],
	"scenarios": [
		{"dimension": 60,
		"path": "data_f26_objective_function_ca_1/IOHprofiler_f26_DIM60.dat",
		"runs": [
			{"instance": 1, "evals": 10000, "best": {"evals": 4502, "y": 0.8, "x": [0, 2, 2, 1, 2, 1, 1, 2, 0, 0, 0, 1, 2, 2, 2, 2, 2, 1, 2, 2, 0, 2, 2, 0, 0, 2, 1, 1, 2, 0, 2, 1, 0, 0, 2, 2, 2, 0, 2, 2, 1, 1, 1, 1, 0, 2, 2, 2, 2, 2, 1, 2, 0, 0, 2, 1, 1, 0, 1, 0]}},
			{"instance": 1, "evals": 10000, "best": {"evals": 22, "y": 0.8, "x": [1, 1, 2, 0, 1, 0, 2, 1, 2, 0, 1, 2, 2, 0, 2, 0, 1, 0, 1, 1, 2, 0, 0, 0, 2, 1, 2, 1, 1, 2, 0, 1, 0, 1, 2, 0, 1, 0, 2, 1, 2, 1, 0, 0, 1, 2, 0, 2, 1, 1, 2, 1, 0, 1, 2, 0, 0, 2, 2, 1]}},
			{"instance": 1, "evals": 10000, "best": {"evals": 681, "y": 0.8, "x": [2, 2, 1, 1, 2, 2, 0, 0, 0, 0, 2, 1, 0, 1, 0, 2, 1, 1, 0, 1, 1, 2, 1, 2, 1, 0, 0, 0, 0, 1, 0, 1, 2, 2, 2, 0, 1, 2, 2, 0, 1, 2, 1, 2, 2, 2, 0, 1, 0, 2, 1, 2, 1, 2, 1, 1, 1, 0, 1, 0]}},
			{"instance": 1, "evals": 10000, "best": {"evals": 5506, "y": 0.85, "x": [0, 2, 0, 2, 2, 1, 1, 2, 0, 1, 1, 2, 0, 2, 1, 1, 1, 0, 0, 1, 1, 1, 1, 1, 0, 1, 2, 1, 1, 0, 2, 2, 2, 2, 1, 1, 1, 2, 2, 2, 2, 1, 2, 2, 1, 0, 2, 0, 0, 0, 2, 1, 0, 1, 2, 1, 1, 0, 1, 0]}},
			{"instance": 1, "evals": 10000, "best": {"evals": 6209, "y": 0.8, "x": [2, 0, 0, 2, 1, 1, 2, 0, 0, 2, 2, 0, 1, 2, 2, 2, 0, 1, 1, 1, 0, 0, 2, 1, 1, 1, 1, 1, 1, 0, 0, 2, 1, 0, 2, 0, 1, 2, 2, 1, 1, 1, 1, 0, 1, 2, 1, 2, 0, 2, 2, 0, 1, 1, 2, 1, 1, 0, 1, 2]}}
		]}
	]
}
