{
	"version": "0.3.4", 
	"suite": "unknown_suite", 
	"function_id": 26, 
	"function_name": "objective_function_ca_1", 
	"maximization": true, 
	"algorithm": {"name": "Hamming_3", "info": "algorithm_info"},
	"attributes": ["evaluations", "raw_y"],
	"scenarios": [
		{"dimension": 60,
		"path": "data_f26_objective_function_ca_1/IOHprofiler_f26_DIM60.dat",
		"runs": [
			{"instance": 1, "evals": 5555, "best": {"evals": 5538, "y": 1, "x": [2, 1, 1, 1, 2, 2, 0, 2, 1, 0, 1, 2, 1, 2, 0, 2, 1, 1, 0, 1, 1, 2, 0, 2, 0, 0, 0, 0, 0, 1, 2, 0, 1, 1, 2, 1, 1, 0, 0, 2, 2, 1, 1, 0, 1, 0, 2, 0, 2, 1, 2, 0, 0, 1, 2, 1, 0, 1, 1, 1]}},
			{"instance": 1, "evals": 2959, "best": {"evals": 2958, "y": 1, "x": [1, 2, 1, 2, 2, 1, 1, 2, 1, 0, 0, 0, 0, 2, 1, 2, 0, 1, 1, 0, 0, 0, 0, 2, 0, 0, 0, 0, 0, 1, 2, 1, 0, 0, 0, 0, 0, 1, 1, 1, 2, 1, 1, 0, 1, 0, 2, 0, 2, 1, 2, 1, 0, 0, 2, 1, 0, 0, 1, 0]}},
			{"instance": 1, "evals": 10021, "best": {"evals": 6082, "y": 0.9833333333333333, "x": [1, 2, 0, 2, 2, 0, 2, 2, 0, 1, 1, 2, 2, 0, 1, 2, 1, 0, 0, 1, 1, 2, 0, 2, 0, 1, 2, 1, 0, 0, 0, 0, 0, 1, 2, 0, 0, 1, 1, 2, 2, 1, 1, 0, 0, 0, 2, 0, 1, 2, 0, 2, 2, 2, 0, 1, 0, 1, 1, 1]}},
			{"instance": 1, "evals": 10021, "best": {"evals": 2673, "y": 0.9833333333333333, "x": [2, 2, 1, 1, 2, 2, 1, 2, 0, 1, 1, 1, 2, 1, 1, 2, 1, 1, 0, 0, 1, 2, 0, 2, 0, 0, 2, 1, 0, 0, 0, 0, 0, 1, 2, 1, 0, 0, 1, 2, 2, 0, 0, 1, 1, 0, 2, 0, 1, 0, 2, 1, 0, 0, 0, 0, 0, 1, 1, 1]}},
			{"instance": 1, "evals": 10021, "best": {"evals": 8772, "y": 0.9833333333333333, "x": [1, 0, 2, 1, 1, 1, 2, 2, 0, 1, 1, 2, 1, 2, 2, 2, 0, 1, 1, 0, 1, 2, 0, 2, 0, 2, 1, 1, 1, 0, 2, 1, 1, 0, 2, 1, 0, 1, 1, 2, 2, 0, 0, 1, 1, 1, 2, 2, 0, 1, 2, 0, 0, 1, 2, 1, 0, 1, 1, 1]}}
		]}
	]
}
