{
	"version": "0.3.4", 
	"suite": "unknown_suite", 
	"function_id": 26, 
	"function_name": "objective_function_ca_1", 
	"maximization": true, 
	"algorithm": {"name": "Hamming_3", "info": "algorithm_info"},
	"attributes": ["evaluations", "raw_y"],
	"scenarios": [
		{"dimension": 60,
		"path": "data_f26_objective_function_ca_1/IOHprofiler_f26_DIM60.dat",
		"runs": [
			{"instance": 1, "evals": 10021, "best": {"evals": 809, "y": 0.8333333333333334, "x": [0, 0, 1, 0, 0, 0, 1, 1, 0, 1, 2, 1, 1, 1, 1, 0, 1, 2, 1, 1, 1, 2, 2, 0, 0, 0, 1, 0, 1, 1, 0, 0, 1, 1, 1, 0, 1, 1, 2, 1, 2, 1, 1, 1, 0, 1, 0, 0, 0, 0, 0, 1, 0, 1, 1, 0, 1, 0, 1, 0]}},
			{"instance": 1, "evals": 10021, "best": {"evals": 5756, "y": 0.7666666666666667, "x": [2, 0, 1, 2, 2, 0, 1, 1, 0, 0, 0, 1, 0, 0, 0, 0, 0, 0, 1, 1, 0, 0, 0, 1, 2, 1, 1, 0, 0, 0, 1, 1, 1, 1, 1, 1, 1, 1, 2, 1, 1, 0, 0, 1, 1, 1, 1, 0, 2, 2, 1, 1, 1, 1, 1, 1, 1, 0, 1, 1]}},
			{"instance": 1, "evals": 10021, "best": {"evals": 746, "y": 0.8666666666666667, "x": [1, 1, 2, 1, 0, 0, 1, 0, 1, 0, 0, 0, 0, 1, 1, 0, 0, 0, 2, 1, 1, 2, 0, 0, 0, 1, 0, 1, 0, 0, 0, 1, 1, 0, 0, 1, 0, 0, 1, 1, 1, 1, 1, 0, 1, 1, 1, 0, 0, 1, 0, 1, 1, 0, 0, 0, 0, 1, 0, 0]}},
			{"instance": 1, "evals": 10021, "best": {"evals": 9106, "y": 0.8166666666666667, "x": [1, 2, 1, 1, 1, 1, 1, 0, 0, 1, 0, 1, 1, 0, 0, 1, 1, 0, 1, 0, 2, 2, 1, 2, 2, 0, 1, 0, 0, 0, 0, 0, 0, 0, 0, 0, 0, 0, 0, 0, 0, 1, 2, 1, 0, 1, 1, 1, 0, 2, 1, 0, 0, 1, 1, 0, 1, 2, 1, 0]}},
			{"instance": 1, "evals": 10021, "best": {"evals": 6322, "y": 0.8166666666666667, "x": [1, 0, 0, 1, 0, 0, 1, 2, 1, 1, 1, 1, 1, 1, 2, 1, 1, 0, 0, 2, 0, 2, 1, 1, 2, 1, 2, 1, 0, 1, 0, 0, 0, 0, 1, 1, 1, 1, 1, 1, 1, 1, 0, 0, 1, 0, 0, 1, 0, 1, 0, 1, 1, 1, 1, 2, 1, 1, 2, 2]}}
		]}
	]
}
