{
	"version": "0.3.4", 
	"suite": "unknown_suite", 
	"function_id": 26, 
	"function_name": "objective_function_ca_1", 
	"maximization": true, 
	"algorithm": {"name": "Hamming_3", "info": "algorithm_info"},
	"attributes": ["evaluations", "raw_y"],
	"scenarios": [
		{"dimension": 60,
		"path": "data_f26_objective_function_ca_1/IOHprofiler_f26_DIM60.dat",
		"runs": [
			{"instance": 1, "evals": 6369, "best": {"evals": 6356, "y": 1, "x": [2, 1, 0, 2, 2, 0, 1, 2, 2, 1, 2, 2, 2, 2, 0, 0, 2, 2, 2, 0, 0, 2, 2, 2, 1, 2, 0, 2, 1, 0, 1, 0, 1, 2, 0, 2, 2, 2, 2, 1, 2, 2, 2, 1, 2, 0, 2, 2, 2, 1, 2, 0, 0, 0, 2, 2, 0, 0, 0, 0]}},
			{"instance": 1, "evals": 10021, "best": {"evals": 8903, "y": 0.9166666666666666, "x": [0, 1, 1, 1, 1, 0, 1, 0, 0, 1, 0, 1, 1, 1, 0, 0, 2, 0, 2, 2, 2, 1, 1, 1, 1, 2, 1, 2, 1, 0, 0, 0, 1, 2, 2, 2, 2, 1, 1, 1, 1, 1, 2, 2, 2, 2, 2, 2, 1, 2, 2, 0, 1, 2, 1, 1, 1, 2, 2, 1]}},
			{"instance": 1, "evals": 10021, "best": {"evals": 2889, "y": 0.8666666666666667, "x": [2, 1, 0, 0, 1, 0, 1, 0, 2, 1, 0, 0, 0, 0, 1, 1, 0, 0, 1, 0, 1, 1, 0, 0, 1, 0, 1, 1, 1, 1, 0, 0, 0, 2, 0, 0, 1, 0, 1, 1, 1, 2, 2, 2, 1, 1, 0, 0, 0, 1, 1, 1, 0, 1, 0, 0, 1, 0, 0, 1]}},
			{"instance": 1, "evals": 10021, "best": {"evals": 9254, "y": 0.9333333333333333, "x": [0, 1, 1, 0, 0, 1, 1, 1, 1, 0, 2, 0, 1, 2, 0, 0, 2, 2, 2, 1, 1, 2, 2, 0, 0, 0, 2, 2, 1, 0, 1, 0, 1, 2, 0, 2, 2, 1, 2, 1, 1, 1, 2, 1, 2, 1, 1, 1, 2, 0, 2, 2, 0, 1, 0, 2, 1, 0, 2, 1]}},
			{"instance": 1, "evals": 10021, "best": {"evals": 3489, "y": 0.9666666666666667, "x": [0, 0, 0, 2, 2, 0, 2, 1, 2, 2, 2, 1, 1, 2, 2, 1, 0, 2, 1, 1, 1, 2, 0, 2, 1, 2, 1, 2, 1, 0, 0, 0, 1, 2, 1, 0, 0, 2, 2, 1, 0, 1, 0, 1, 1, 1, 1, 1, 1, 1, 0, 1, 2, 2, 0, 1, 0, 0, 1, 0]}}
		]}
	]
}
