{
	"version": "0.3.4", 
	"suite": "unknown_suite", 
	"function_id": 26, 
	"function_name": "objective_function_ca_1", 
	"maximization": true, 
	"algorithm": {"name": "Levenshtein_3", "info": "algorithm_info"},
	"attributes": ["evaluations", "raw_y"],
	"scenarios": [
		{"dimension": 60,
		"path": "data_f26_objective_function_ca_1/IOHprofiler_f26_DIM60.dat",
		"runs": [
			{"instance": 1, "evals": 10021, "best": {"evals": 4687, "y": 0.7833333333333333, "x": [2, 0, 0, 0, 0, 2, 0, 0, 0, 0, 0, 1, 0, 1, 2, 2, 0, 1, 0, 0, 0, 0, 0, 0, 0, 1, 1, 1, 0, 1, 1, 1, 0, 0, 0, 1, 0, 0, 0, 1, 0, 2, 0, 1, 1, 1, 1, 1, 1, 1, 0, 0, 0, 0, 2, 1, 1, 1, 0, 0]}},
			{"instance": 1, "evals": 10021, "best": {"evals": 110, "y": 0.7666666666666666, "x": [0, 1, 0, 0, 0, 2, 1, 1, 0, 1, 1, 1, 1, 1, 1, 1, 1, 1, 0, 1, 0, 0, 1, 1, 0, 0, 1, 1, 0, 0, 1, 0, 0, 0, 0, 0, 0, 1, 1, 0, 2, 0, 0, 0, 1, 0, 1, 1, 1, 0, 0, 0, 1, 1, 0, 0, 0, 2, 1, 0]}},
			{"instance": 1, "evals": 10021, "best": {"evals": 248, "y": 0.75, "x": [1, 1, 0, 1, 1, 1, 1, 0, 1, 1, 1, 0, 1, 0, 1, 0, 1, 1, 1, 0, 1, 0, 1, 1, 1, 2, 0, 1, 0, 0, 1, 1, 0, 0, 0, 1, 1, 2, 1, 0, 1, 0, 1, 1, 0, 0, 0, 0, 1, 1, 1, 1, 2, 0, 0, 1, 0, 0, 0, 0]}},
			{"instance": 1, "evals": 10021, "best": {"evals": 236, "y": 0.75, "x": [1, 1, 1, 0, 1, 1, 0, 1, 1, 0, 0, 2, 0, 0, 1, 1, 0, 0, 0, 1, 0, 0, 1, 0, 0, 1, 2, 0, 1, 1, 0, 0, 2, 1, 1, 0, 0, 0, 1, 1, 1, 1, 0, 1, 1, 0, 1, 0, 0, 1, 1, 1, 1, 0, 1, 1, 0, 1, 1, 1]}},
			{"instance": 1, "evals": 10021, "best": {"evals": 615, "y": 0.7666666666666666, "x": [0, 0, 1, 0, 1, 1, 1, 0, 0, 0, 0, 0, 1, 2, 0, 1, 0, 0, 2, 0, 1, 1, 2, 1, 1, 1, 0, 1, 0, 1, 0, 1, 0, 1, 0, 1, 0, 0, 0, 1, 0, 0, 0, 0, 0, 0, 0, 1, 0, 0, 2, 1, 0, 0, 1, 1, 0, 0, 1, 1]}}
		]}
	]
}
